# ,accuracy,balanced_accuracy,recall,precision,cohen_cappa,cappa_m,matthews_corrcoef,harmonic_mean,fbeta_score,auc,f1_score,gmean
0, 0.700000, 0.500000, 0.000000, 0.000000, 0.000000, 0.000000, 0.000000, 3.000000, 0.000000, 0.613757, 0.000000, 0.000000
1, 0.733333, 0.500000, 0.000000, 0.000000, 0.000000, 0.000000, 0.000000, 3.000000, 0.000000, 0.767045, 0.000000, 0.000000
2, 0.600000, 0.500000, 0.000000, 0.000000, 0.000000, 0.000000, 0.000000, 3.000000, 0.000000, 0.662037, 0.000000, 0.000000
3, 0.666667, 0.500000, 0.000000, 0.000000, 0.000000, 0.000000, 0.000000, 3.000000, 0.000000, 0.890000, 0.000000, 0.000000
4, 0.666667, 0.500000, 0.000000, 0.000000, 0.000000, 0.000000, 0.000000, 3.000000, 0.000000, 0.440000, 0.000000, 0.000000
